Workbook

Sheet Inputs
A1: TRAINING MAXES
A2: Lift | B2: Training Max (lb)
A3: Back Squat TM | B3: 300
A4: Deadlift TM | B4: 370
A5: Bench Press TM | B5: 205
A6: Flat Bench Press (placeholder—replace) | B6: 265
A7: Values shown are 90% of the source workbook’s current 1RMs (335 squat / 410 deadlift / 225 bench). Edit the blue TM cells B3:B5; all %TM loads recalculate and round to nearest 5 lb.
A8: The 1.5-rep deadlift (knee height) variation starts at 60% of estimated true 1RM (66.7% TM) and adds 5 lb/week when clean and ≤RPE 7. Deloads reduce load and sets.
A9: Secondary squat loading (use Back Squat TM in B3): Weeks 1–4 paused squat starts at 70% TM and adds $5 per week; Week 5 deload is 55% TM; Week 6 resumes at base +$20. Weeks 7–9 high-bar squat starts at 75% TM and adds $5/week; Week 10 deload is 60% TM; Week 11 resumes at base +$15. Week 12 stays at the existing easy taper prescription.

Sheet Week 01
A1: WEEK 01 | ACCUMULATION
A2: Target loads use the editable training maxes on Inputs. Main-lift percentages are %TM, rounded to nearest 5 lb. RPE caps and technique take priority over load. Squat top single: updated per block to 85–87% TM (W1–4) or 90–92% TM (W6–9); existing back-offs retained. Secondary squat: Weeks 1–6 paused squat; Weeks 7–12 high-bar squat. Secondary squat: progressive fixed loads per Inputs A9; deloads stay easy.
A4: Day / Exercise | B4: Sets × Reps | C4: Intensity (%TM) | D4: Target Load (lb) | E4: RPE / Effort
A5: DAY 1 — SQUAT
A6: Back squat — top single | B6: 1 x 1 | C6: 0.85 | D6: =MROUND(Inputs!$B$3*C6,5) -> 255 | E6: RPE 7.5–8; smooth single, no grind
A7: Back squat — back-off | B7: 4 x 4 | C7: 0.7 | D7: =MROUND(Inputs!$B$3*C7,5) -> 210 | E7: RPE 7
A8: Bulgarian split squat | B8: 3 x 10/leg | C8: RPE-based | D8: Select by RPE | E8: RPE-based
A9: Seated leg curl | B9: 3 x 12 | C9: RPE-based | D9: Select by RPE | E9: RPE-based
A10: Pallof press | B10: 3 x 10/side | C10: RPE-based | D10: Select by RPE | E10: RPE-based
A11: Standing calf raise | B11: 3 x 15 | C11: RPE-based | D11: Select by RPE | E11: RPE-based
A13: DAY 2 — BENCH
A14: Bench press | B14: 6 x 4 | C14: 0.7 | D14: =MROUND(Inputs!$B$5*C14,5) -> 145 | E14: RPE 7
A15: Close-grip bench | B15: 3 x 6 | C15: RPE-based | D15: Select by RPE | E15: RPE 7
A16: Incline DB press | B16: 3 x 12 | C16: RPE-based | D16: Select by RPE | E16: RPE-based
A17: Triceps pressdown | B17: 3 x 12 | C17: RPE-based | D17: Select by RPE | E17: RPE-based
A18: Face pull | B18: 3 x 15 | C18: RPE-based | D18: Select by RPE | E18: RPE-based
A20: DAY 3 — DEADLIFT
A21: Deadlift | B21: 3 x 4 | C21: 0.68 | D21: =MROUND(Inputs!$B$4*C21,5) -> 250 | E21: RPE 7
A22: 1.5-rep deadlift (knee height) | B22: 3 x 3 | C22: 0.66666667 | D22: =MROUND((Inputs!$B$4/0.9*0.6+0),5) -> 245 | E22: Reset every rep; lower to just below knee, return to lockout, then lower fully. W1 60% true DL max; add +5 lb/week only if clean and ≤RPE 7. Deload: 2x3 @55% true max.
A23: Reverse hyper | B23: 2 x 15 | C23: RPE-based | D23: Select by RPE | E23: RPE-based
A24: Jefferson curl | B24: 2 x 8 | C24: RPE-based | D24: Select by RPE | E24: RPE-based
A26: DAY 4 — BENCH VARIANT / UPPER BODY
A27: Tempo bench (3-1-1) | B27: 4 x 4 | C27: 0.65 | D27: =MROUND(Inputs!$B$5*C27,5) -> 135 | E27: RPE 6-7
A28: Lat pulldown | B28: 3 x 12 | C28: RPE-based | D28: Select by RPE | E28: RPE-based
A29: Lateral raise | B29: 3 x 15 | C29: RPE-based | D29: Select by RPE | E29: RPE-based
A30: Curl | B30: 3 x 12 | C30: RPE-based | D30: Select by RPE | E30: RPE-based
A31: Pallof press | B31: 3 x 10/side | C31: RPE-based | D31: Select by RPE | E31: RPE-based
A33: DAY 5 — SQUAT VARIANT + BENT-OVER ROW
A34: Paused squat | B34: 3 x 3 | C34: 70% TM + $0 | D34: =MROUND(MROUND(Inputs!$B$3*0.7,5)+0,5) -> 210 | E34: RPE ≤8; clean reps; no grinding
A35: Bent-over row | B35: 4 x 4–6 | C35: RPE progression | D35: Select by RPE | E35: 4 strict sets. Add 5 lb next exposure only when every set is clean and ≤RPE 8; deload load/reps, no failure.
A36: Reverse hyper | B36: 2 x 12 | C36: RPE-based | D36: Select by RPE | E36: RPE-based
A37: GHR or Nordic curl | B37: 3 x 8 | C37: RPE-based | D37: Select by RPE | E37: RPE-based
A38: Jefferson curl | B38: 1 x 8 | C38: RPE-based | D38: Select by RPE | E38: RPE-based

Sheet Week 02
A1: WEEK 02 | ACCUMULATION
A2: Target loads use the editable training maxes on Inputs. Main-lift percentages are %TM, rounded to nearest 5 lb. RPE caps and technique take priority over load. Squat top single: updated per block to 85–87% TM (W1–4) or 90–92% TM (W6–9); existing back-offs retained. Secondary squat: Weeks 1–6 paused squat; Weeks 7–12 high-bar squat. Secondary squat: progressive fixed loads per Inputs A9; deloads stay easy.
A4: Day / Exercise | B4: Sets × Reps | C4: Intensity (%TM) | D4: Target Load (lb) | E4: RPE / Effort
A5: DAY 1 — SQUAT
A6: Back squat — top single | B6: 1 x 1 | C6: 0.86 | D6: =MROUND(Inputs!$B$3*C6,5) -> 260 | E6: RPE 7.5–8; smooth single, no grind
A7: Back squat — back-off | B7: 5 x 4 | C7: 0.73 | D7: =MROUND(Inputs!$B$3*C7,5) -> 220 | E7: RPE 7
A8: Bulgarian split squat | B8: 3 x 10/leg | C8: RPE-based | D8: Select by RPE | E8: RPE-based
A9: Leg curl | B9: 3 x 12 | C9: RPE-based | D9: Select by RPE | E9: RPE-based
A10: Copenhagen plank | B10: 3 x 20sec/side | C10: RPE-based | D10: Select by RPE | E10: RPE-based
A12: DAY 2 — BENCH
A13: Bench press | B13: 7 x 4 | C13: 0.73 | D13: =MROUND(Inputs!$B$5*C13,5) -> 150 | E13: RPE 7
A14: Close-grip bench | B14: 3 x 6 | C14: RPE-based | D14: Select by RPE | E14: RPE-based
A15: Incline DB press | B15: 3 x 12 | C15: RPE-based | D15: Select by RPE | E15: RPE-based
A16: Triceps pressdown | B16: 3 x 12 | C16: RPE-based | D16: Select by RPE | E16: RPE-based
A17: Face pull | B17: 3 x 15 | C17: RPE-based | D17: Select by RPE | E17: RPE-based
A19: DAY 3 — DEADLIFT
A20: Deadlift | B20: 3 x 4 | C20: 0.72 | D20: =MROUND(Inputs!$B$4*C20,5) -> 265 | E20: RPE 7
A21: 1.5-rep deadlift (knee height) | B21: 3 x 3 | C21: 0.66666667 | D21: =MROUND((Inputs!$B$4/0.9*0.6+5),5) -> 250 | E21: Reset every rep; lower to just below knee, return to lockout, then lower fully. W1 60% true DL max; add +5 lb/week only if clean and ≤RPE 7. Deload: 2x3 @55% true max.
A22: Reverse hyper | B22: 2 x 15 | C22: RPE-based | D22: Select by RPE | E22: RPE-based
A23: Jefferson curl | B23: 2 x 8 | C23: RPE-based | D23: Select by RPE | E23: RPE-based
A25: DAY 4 — BENCH VARIANT / UPPER BODY
A26: Paused bench | B26: 4 x 3 | C26: 0.7 | D26: =MROUND(Inputs!$B$5*C26,5) -> 145 | E26: RPE 7
A27: Lat pulldown | B27: 3 x 12 | C27: RPE-based | D27: Select by RPE | E27: RPE-based
A28: Lateral raise | B28: 3 x 15 | C28: RPE-based | D28: Select by RPE | E28: RPE-based
A29: Curl | B29: 3 x 12 | C29: RPE-based | D29: Select by RPE | E29: RPE-based
A30: Pallof press | B30: 3 x 10/side | C30: RPE-based | D30: Select by RPE | E30: RPE-based
A32: DAY 5 — SQUAT VARIANT + BENT-OVER ROW
A33: Paused squat | B33: 3 x 5 | C33: 70% TM + $5 | D33: =MROUND(MROUND(Inputs!$B$3*0.7,5)+5,5) -> 215 | E33: RPE ≤8; clean reps; no grinding
A34: Bent-over row | B34: 4 x 4–6 | C34: RPE progression | D34: Select by RPE | E34: 4 strict sets. Add 5 lb next exposure only when every set is clean and ≤RPE 8; deload load/reps, no failure.
A35: Reverse hyper | B35: 2 x 12 | C35: RPE-based | D35: Select by RPE | E35: RPE-based
A36: GHR or Nordic curl | B36: 3 x 8 | C36: RPE-based | D36: Select by RPE | E36: RPE-based

Sheet Week 03
A1: WEEK 03 | ACCUMULATION
A2: Target loads use the editable training maxes on Inputs. Main-lift percentages are %TM, rounded to nearest 5 lb. RPE caps and technique take priority over load. Squat top single: updated per block to 85–87% TM (W1–4) or 90–92% TM (W6–9); existing back-offs retained. Secondary squat: Weeks 1–6 paused squat; Weeks 7–12 high-bar squat. Secondary squat: progressive fixed loads per Inputs A9; deloads stay easy.
A4: Day / Exercise | B4: Sets × Reps | C4: Intensity (%TM) | D4: Target Load (lb) | E4: RPE / Effort
A5: DAY 1 — SQUAT
A6: Squat — top single | B6: 1 x 1 | C6: 0.87 | D6: =MROUND(Inputs!$B$3*C6,5) -> 260 | E6: RPE 7.5–8; smooth single, no grind
A7: Squat — back-off | B7: 6 x 3 | C7: 0.77 | D7: =MROUND(Inputs!$B$3*C7,5) -> 230 | E7: RPE 7-8
A8: Bulgarian split squat | B8: 3 x 8-10/leg | C8: RPE-based | D8: Select by RPE | E8: RPE-based
A9: Leg curl | B9: 3 x 12 | C9: RPE-based | D9: Select by RPE | E9: RPE-based
A10: Copenhagen plank | B10: 3 x 30sec/side | C10: RPE-based | D10: Select by RPE | E10: RPE-based
A12: DAY 2 — BENCH
A13: Bench | B13: 7 x 4 | C13: 0.76 | D13: =MROUND(Inputs!$B$5*C13,5) -> 155 | E13: RPE 7-8
A14: Close-grip bench | B14: 3 x 5 | C14: RPE-based | D14: Select by RPE | E14: RPE-based
A15: Incline DB press | B15: 3 x 10-12 | C15: RPE-based | D15: Select by RPE | E15: RPE-based
A16: Triceps pressdown | B16: 3 x 12 | C16: RPE-based | D16: Select by RPE | E16: RPE-based
A17: Face pull | B17: 3 x 15 | C17: RPE-based | D17: Select by RPE | E17: RPE-based
A19: DAY 3 — DEADLIFT
A20: Deadlift | B20: 4 x 3 | C20: 0.76 | D20: =MROUND(Inputs!$B$4*C20,5) -> 280 | E20: RPE 7-8
A21: 1.5-rep deadlift (knee height) | B21: 3 x 3 | C21: 0.66666667 | D21: =MROUND((Inputs!$B$4/0.9*0.6+10),5) -> 255 | E21: Reset every rep; lower to just below knee, return to lockout, then lower fully. W1 60% true DL max; add +5 lb/week only if clean and ≤RPE 7. Deload: 2x3 @55% true max.
A22: Reverse hyper | B22: 2 x 15 | C22: RPE-based | D22: Select by RPE | E22: RPE-based
A23: Jefferson curl | B23: 2 x 8 | C23: RPE-based | D23: Select by RPE | E23: RPE-based
A25: DAY 4 — BENCH VARIANT / UPPER BODY
A26: Spoto press | B26: 4 x 4 | C26: 0.6 | D26: =MROUND(Inputs!$B$5*C26,5) -> 125 | E26: RPE 6-7
A27: Lat pulldown | B27: 3 x 12 | C27: RPE-based | D27: Select by RPE | E27: RPE-based
A28: Lateral raise | B28: 3 x 15 | C28: RPE-based | D28: Select by RPE | E28: RPE-based
A29: Curl | B29: 3 x 12 | C29: RPE-based | D29: Select by RPE | E29: RPE-based
A30: Pallof press | B30: 3 x 10/side | C30: RPE-based | D30: Select by RPE | E30: RPE-based
A32: DAY 5 — SQUAT VARIANT + BENT-OVER ROW
A33: Paused squat | B33: 3 x 4 | C33: 70% TM + $10 | D33: =MROUND(MROUND(Inputs!$B$3*0.7,5)+10,5) -> 220 | E33: RPE ≤8; clean reps; no grinding
A34: Bent-over row | B34: 4 x 4–6 | C34: RPE progression | D34: Select by RPE | E34: 4 strict sets. Add 5 lb next exposure only when every set is clean and ≤RPE 8; deload load/reps, no failure.
A35: Reverse hyper | B35: 2 x 12 | C35: RPE-based | D35: Select by RPE | E35: RPE-based
A36: GHR or Nordic curl | B36: 3 x 8 | C36: RPE-based | D36: Select by RPE | E36: RPE-based

Sheet Week 04
A1: WEEK 04 | ACCUMULATION PEAK
A2: Target loads use the editable training maxes on Inputs. Main-lift percentages are %TM, rounded to nearest 5 lb. RPE caps and technique take priority over load. Squat top single: updated per block to 85–87% TM (W1–4) or 90–92% TM (W6–9); existing back-offs retained. Secondary squat: Weeks 1–6 paused squat; Weeks 7–12 high-bar squat. Secondary squat: progressive fixed loads per Inputs A9; deloads stay easy.
A4: Day / Exercise | B4: Sets × Reps | C4: Intensity (%TM) | D4: Target Load (lb) | E4: RPE / Effort
A5: DAY 1 — SQUAT
A6: Squat — top single | B6: 1 x 1 | C6: 0.87 | D6: =MROUND(Inputs!$B$3*C6,5) -> 260 | E6: RPE 7.5–8; smooth single, no grind
A7: Squat — back-off | B7: 6 x 3 | C7: 0.8 | D7: =MROUND(Inputs!$B$3*C7,5) -> 240 | E7: RPE 8
A8: Bulgarian split squat | B8: 2 x 8/leg | C8: RPE-based | D8: Select by RPE | E8: RPE-based
A9: Leg curl | B9: 3 x 10-12 | C9: RPE-based | D9: Select by RPE | E9: RPE-based
A10: Copenhagen plank | B10: 3 x 30sec/side | C10: RPE-based | D10: Select by RPE | E10: RPE-based
A12: DAY 2 — BENCH
A13: Bench | B13: 8 x 3 | C13: 0.8 | D13: =MROUND(Inputs!$B$5*C13,5) -> 165 | E13: RPE 8
A14: Close-grip bench | B14: 3 x 5 | C14: RPE-based | D14: Select by RPE | E14: RPE-based
A15: Incline DB press | B15: 3 x 10 | C15: RPE-based | D15: Select by RPE | E15: RPE-based
A16: Triceps pressdown | B16: 3 x 12 | C16: RPE-based | D16: Select by RPE | E16: RPE-based
A17: Face pull | B17: 3 x 15 | C17: RPE-based | D17: Select by RPE | E17: RPE-based
A19: DAY 3 — DEADLIFT
A20: Deadlift | B20: 4 x 3 | C20: 0.8 | D20: =MROUND(Inputs!$B$4*C20,5) -> 295 | E20: RPE 8
A21: 1.5-rep deadlift (knee height) | B21: 3 x 3 | C21: 0.66666667 | D21: =MROUND((Inputs!$B$4/0.9*0.6+15),5) -> 260 | E21: Reset every rep; lower to just below knee, return to lockout, then lower fully. W1 60% true DL max; add +5 lb/week only if clean and ≤RPE 7. Deload: 2x3 @55% true max.
A22: Reverse hyper | B22: 2 x 15 | C22: RPE-based | D22: Select by RPE | E22: RPE-based
A23: Jefferson curl | B23: 2 x 8 | C23: RPE-based | D23: Select by RPE | E23: RPE-based
A25: DAY 4 — BENCH VARIANT / UPPER BODY
A26: Tempo bench | B26: 4 x 3 | C26: 0.65 | D26: =MROUND(Inputs!$B$5*C26,5) -> 135 | E26: RPE 7
A27: Lat pulldown | B27: 3 x 10-12 | C27: RPE-based | D27: Select by RPE | E27: RPE-based
A28: Lateral raise | B28: 3 x 15 | C28: RPE-based | D28: Select by RPE | E28: RPE-based
A29: Curl | B29: 3 x 12 | C29: RPE-based | D29: Select by RPE | E29: RPE-based
A30: Pallof press | B30: 3 x 10/side | C30: RPE-based | D30: Select by RPE | E30: RPE-based
A32: DAY 5 — SQUAT VARIANT + BENT-OVER ROW
A33: Paused squat | B33: 3 x 3 | C33: 70% TM + $15 | D33: =MROUND(MROUND(Inputs!$B$3*0.7,5)+15,5) -> 225 | E33: RPE ≤8; clean reps; no grinding
A34: Bent-over row | B34: 4 x 4–6 | C34: RPE progression | D34: Select by RPE | E34: 4 strict sets. Add 5 lb next exposure only when every set is clean and ≤RPE 8; deload load/reps, no failure.
A35: Reverse hyper | B35: 2 x 12 | C35: RPE-based | D35: Select by RPE | E35: RPE-based
A36: GHR or Nordic curl | B36: 3 x 8 | C36: RPE-based | D36: Select by RPE | E36: RPE-based

Sheet Week 05
A1: WEEK 05 | DELOAD
A2: Target loads use the editable training maxes on Inputs. Main-lift percentages are %TM, rounded to nearest 5 lb. RPE caps and technique take priority over load. Secondary squat: Weeks 1–6 paused squat; Weeks 7–12 high-bar squat. Secondary squat: progressive fixed loads per Inputs A9; deloads stay easy.
A4: Day / Exercise | B4: Sets × Reps | C4: Intensity (%TM) | D4: Target Load (lb) | E4: RPE / Effort
A5: DAY 1 — SQUAT
A6: Squat — top single | B6: 1 x 1 | C6: 0.6 | D6: =MROUND(Inputs!$B$3*C6,5) -> 180 | E6: RPE 7–8 cap; skip if slow or technically compromised
A7: Squat — back-off | B7: 3 x 3 | C7: 0.6 | D7: =MROUND(Inputs!$B$3*C7,5) -> 180 | E7: RPE 6
A8: Split squat | B8: 2 x 8/leg | C8: RPE-based | D8: Select by RPE | E8: RPE-based
A9: Leg curl | B9: 2 x 10 | C9: RPE-based | D9: Select by RPE | E9: RPE-based
A10: Copenhagen plank | B10: 2 x 15sec/side | C10: RPE-based | D10: Select by RPE | E10: RPE-based
A12: DAY 2 — BENCH
A13: Bench | B13: 5 x 3 | C13: 0.6 | D13: =MROUND(Inputs!$B$5*C13,5) -> 125 | E13: RPE 6
A14: Close-grip bench | B14: 2 x 5 | C14: RPE-based | D14: Select by RPE | E14: RPE-based
A15: Incline DB press | B15: 2 x 10 | C15: RPE-based | D15: Select by RPE | E15: RPE-based
A16: Face pull | B16: 2 x 15 | C16: RPE-based | D16: Select by RPE | E16: RPE-based
A17: Pallof press | B17: 2 x 8/side | C17: RPE-based | D17: Select by RPE | E17: RPE-based
A19: DAY 3 — DEADLIFT
A20: Deadlift | B20: 2 x 3 | C20: 0.55 | D20: =MROUND(Inputs!$B$4*C20,5) -> 205 | E20: RPE 6
A21: 1.5-rep deadlift (knee height) | B21: 2 x 3 | C21: 0.61111111 | D21: =MROUND((Inputs!$B$4/0.9*0.55),5) -> 225 | E21: Reset every rep; lower to just below knee, return to lockout, then lower fully. W1 60% true DL max; add +5 lb/week only if clean and ≤RPE 7. Deload: 2x3 @55% true max.
A22: Reverse hyper | B22: 2 x 12 | C22: RPE-based | D22: Select by RPE | E22: RPE-based
A23: Jefferson curl | B23: 1 x 6 | C23: RPE-based | D23: Select by RPE | E23: RPE-based
A25: DAY 4 — BENCH VARIANT / UPPER BODY
A26: Light paused bench | B26: 3 x 3 | C26: 0.55 | D26: =MROUND(Inputs!$B$5*C26,5) -> 115 | E26: RPE 6
A27: Lat pulldown | B27: 2 x 10 | C27: RPE-based | D27: Select by RPE | E27: RPE-based
A28: Lateral raise | B28: 2 x 15 | C28: RPE-based | D28: Select by RPE | E28: RPE-based
A29: Curl | B29: 2 x 10 | C29: RPE-based | D29: Select by RPE | E29: RPE-based
A31: DAY 5 — SQUAT VARIANT + BENT-OVER ROW
A32: Paused squat | B32: 2 x 3 | C32: 55% TM — deload | D32: =MROUND(Inputs!$B$3*0.55,5) -> 165 | E32: Easy deload; reduce fatigue
A33: Bent-over row | B33: 4 x 4–6 | C33: RPE progression | D33: Select by RPE | E33: 4 strict sets. Add 5 lb next exposure only when every set is clean and ≤RPE 8; deload load/reps, no failure.
A34: Reverse hyper | B34: 1 x 12 | C34: RPE-based | D34: Select by RPE | E34: RPE-based

Sheet Week 06
A1: WEEK 06 | INTENSIFICATION
A2: Target loads use the editable training maxes on Inputs. Main-lift percentages are %TM, rounded to nearest 5 lb. RPE caps and technique take priority over load. Squat top single: updated per block to 85–87% TM (W1–4) or 90–92% TM (W6–9); existing back-offs retained. Secondary squat: Weeks 1–6 paused squat; Weeks 7–12 high-bar squat. Secondary squat: progressive fixed loads per Inputs A9; deloads stay easy.
A4: Day / Exercise | B4: Sets × Reps | C4: Intensity (%TM) | D4: Target Load (lb) | E4: RPE / Effort
A5: DAY 1 — SQUAT
A6: Squat — top single | B6: 1 x 1 | C6: 0.9 | D6: =MROUND(Inputs!$B$3*C6,5) -> 270 | E6: RPE 8 cap; smooth single, no grind
A7: Squat — back-off | B7: 5 x 3 | C7: 0.83 | D7: =MROUND(Inputs!$B$3*C7,5) -> 250 | E7: RPE 8
A8: Bulgarian split squat | B8: 3 x 8 | C8: RPE-based | D8: Select by RPE | E8: RPE-based
A9: Leg curl | B9: 3 x 10 | C9: RPE-based | D9: Select by RPE | E9: RPE-based
A10: Copenhagen plank | B10: 3 x 20sec/side | C10: RPE-based | D10: Select by RPE | E10: RPE-based
A12: DAY 2 — BENCH
A13: Bench | B13: 7 x 3 | C13: 0.83 | D13: =MROUND(Inputs!$B$5*C13,5) -> 170 | E13: RPE 8
A14: Close-grip bench | B14: 3 x 5 | C14: RPE-based | D14: Select by RPE | E14: RPE-based
A15: Incline DB press | B15: 3 x 8-10 | C15: RPE-based | D15: Select by RPE | E15: RPE-based
A16: Triceps pressdown | B16: 3 x 12 | C16: RPE-based | D16: Select by RPE | E16: RPE-based
A17: Face pull | B17: 3 x 15 | C17: RPE-based | D17: Select by RPE | E17: RPE-based
A19: DAY 3 — DEADLIFT
A20: Deadlift | B20: 3 x 3 | C20: 0.82 | D20: =MROUND(Inputs!$B$4*C20,5) -> 305 | E20: RPE 8
A21: 1.5-rep deadlift (knee height) | B21: 3 x 3 | C21: 0.66666667 | D21: =MROUND((Inputs!$B$4/0.9*0.6+25),5) -> 270 | E21: Reset every rep; lower to just below knee, return to lockout, then lower fully. W1 60% true DL max; add +5 lb/week only if clean and ≤RPE 7. Deload: 2x3 @55% true max.
A22: Reverse hyper | B22: 2 x 12 | C22: RPE-based | D22: Select by RPE | E22: RPE-based
A23: Jefferson curl | B23: 2 x 8 | C23: RPE-based | D23: Select by RPE | E23: RPE-based
A25: DAY 4 — BENCH VARIANT / UPPER BODY
A26: Spoto press | B26: 4 x 3 | C26: 0.65 | D26: =MROUND(Inputs!$B$5*C26,5) -> 135 | E26: RPE 7
A27: Lat pulldown | B27: 3 x 10 | C27: RPE-based | D27: Select by RPE | E27: RPE-based
A28: Lateral raise | B28: 3 x 15 | C28: RPE-based | D28: Select by RPE | E28: RPE-based
A29: Curl | B29: 3 x 10-12 | C29: RPE-based | D29: Select by RPE | E29: RPE-based
A30: Pallof press | B30: 3 x 10/side | C30: RPE-based | D30: Select by RPE | E30: RPE-based
A32: DAY 5 — SQUAT VARIANT + BENT-OVER ROW
A33: Paused squat | B33: 3 x 4 | C33: 70% TM + $20 (resume progression) | D33: =MROUND(MROUND(Inputs!$B$3*0.7,5)+20,5) -> 230 | E33: RPE ≤8; clean reps; no grinding
A34: Bent-over row | B34: 4 x 4–6 | C34: RPE progression | D34: Select by RPE | E34: 4 strict sets. Add 5 lb next exposure only when every set is clean and ≤RPE 8; deload load/reps, no failure.
A35: Reverse hyper | B35: 2 x 12 | C35: RPE-based | D35: Select by RPE | E35: RPE-based
A36: GHR or Nordic curl | B36: 3 x 8 | C36: RPE-based | D36: Select by RPE | E36: RPE-based

Sheet Week 07
A1: WEEK 07 | INTENSIFICATION
A2: Target loads use the editable training maxes on Inputs. Main-lift percentages are %TM, rounded to nearest 5 lb. RPE caps and technique take priority over load. Squat top single: updated per block to 85–87% TM (W1–4) or 90–92% TM (W6–9); existing back-offs retained. Secondary squat: Weeks 1–6 paused squat; Weeks 7–12 high-bar squat. Secondary squat: progressive fixed loads per Inputs A9; deloads stay easy.
A4: Day / Exercise | B4: Sets × Reps | C4: Intensity (%TM) | D4: Target Load (lb) | E4: RPE / Effort
A5: DAY 1 — SQUAT
A6: Squat — top single | B6: 1 x 1 | C6: 0.92 | D6: =MROUND(Inputs!$B$3*C6,5) -> 275 | E6: RPE 8 cap; smooth single, no grind
A7: Squat — back-off | B7: 5 x 2 | C7: 0.87 | D7: =MROUND(Inputs!$B$3*C7,5) -> 260 | E7: RPE 8
A8: Split squat | B8: 2 x 8/leg | C8: RPE-based | D8: Select by RPE | E8: RPE-based
A9: Leg curl | B9: 3 x 10 | C9: RPE-based | D9: Select by RPE | E9: RPE-based
A10: Copenhagen plank | B10: 3 x 20sec/side | C10: RPE-based | D10: Select by RPE | E10: RPE-based
A12: DAY 2 — BENCH
A13: Bench | B13: 8 x 2 | C13: 0.87 | D13: =MROUND(Inputs!$B$5*C13,5) -> 180 | E13: RPE 8
A14: Close-grip bench | B14: 3 x 4-5 | C14: RPE-based | D14: Select by RPE | E14: RPE-based
A15: Incline DB press | B15: 3 x 8 | C15: RPE-based | D15: Select by RPE | E15: RPE-based
A16: Triceps pressdown | B16: 3 x 12 | C16: RPE-based | D16: Select by RPE | E16: RPE-based
A17: Face pull | B17: 3 x 15 | C17: RPE-based | D17: Select by RPE | E17: RPE-based
A19: DAY 3 — DEADLIFT
A20: Deadlift | B20: 4 x 2 | C20: 0.86 | D20: =MROUND(Inputs!$B$4*C20,5) -> 320 | E20: RPE 8
A21: 1.5-rep deadlift (knee height) | B21: 3 x 3 | C21: 0.66666667 | D21: =MROUND((Inputs!$B$4/0.9*0.6+30),5) -> 275 | E21: Reset every rep; lower to just below knee, return to lockout, then lower fully. W1 60% true DL max; add +5 lb/week only if clean and ≤RPE 7. Deload: 2x3 @55% true max.
A22: Reverse hyper | B22: 2 x 10-12 | C22: RPE-based | D22: Select by RPE | E22: RPE-based
A23: Jefferson curl | B23: 2 x 6-8 | C23: RPE-based | D23: Select by RPE | E23: RPE-based
A25: DAY 4 — BENCH VARIANT / UPPER BODY
A26: Tempo bench | B26: 3 x 3 | C26: 0.65 | D26: =MROUND(Inputs!$B$5*C26,5) -> 135 | E26: RPE 7
A27: Lat pulldown | B27: 3 x 10 | C27: RPE-based | D27: Select by RPE | E27: RPE-based
A28: Lateral raise | B28: 3 x 15 | C28: RPE-based | D28: Select by RPE | E28: RPE-based
A29: Curl | B29: 3 x 10 | C29: RPE-based | D29: Select by RPE | E29: RPE-based
A30: Pallof press | B30: 3 x 10/side | C30: RPE-based | D30: Select by RPE | E30: RPE-based
A32: DAY 5 — SQUAT VARIANT + BENT-OVER ROW
A33: High-bar squat | B33: 3 x 3 | C33: 75% TM + $0 | D33: =MROUND(MROUND(Inputs!$B$3*0.75,5)+0,5) -> 225 | E33: RPE ≤8; clean reps; no grinding
A34: Bent-over row | B34: 4 x 4–6 | C34: RPE progression | D34: Select by RPE | E34: 4 strict sets. Add 5 lb next exposure only when every set is clean and ≤RPE 8; deload load/reps, no failure.
A35: Reverse hyper | B35: 2 x 10-12 | C35: RPE-based | D35: Select by RPE | E35: RPE-based
A36: GHR or Nordic curl | B36: 3 x 8 | C36: RPE-based | D36: Select by RPE | E36: RPE-based

Sheet Week 08
A1: WEEK 08 | INTENSIFICATION
A2: Target loads use the editable training maxes on Inputs. Main-lift percentages are %TM, rounded to nearest 5 lb. RPE caps and technique take priority over load. Squat top single: updated per block to 85–87% TM (W1–4) or 90–92% TM (W6–9); existing back-offs retained. Secondary squat: Weeks 1–6 paused squat; Weeks 7–12 high-bar squat. Secondary squat: progressive fixed loads per Inputs A9; deloads stay easy.
A4: Day / Exercise | B4: Sets × Reps | C4: Intensity (%TM) | D4: Target Load (lb) | E4: RPE / Effort
A5: DAY 1 — SQUAT
A6: Squat — top single | B6: 1 x 1 | C6: 0.92 | D6: =MROUND(Inputs!$B$3*C6,5) -> 275 | E6: RPE 8 cap; smooth single, no grind
A7: Squat — back-off | B7: 3 x 2 | C7: 0.87 | D7: =MROUND(Inputs!$B$3*C7,5) -> 260 | E7: RPE 8 cap
A8: Split squat | B8: 2 x 8/leg | C8: RPE-based | D8: Select by RPE | E8: RPE-based
A9: Leg curl | B9: 2 x 10 | C9: RPE-based | D9: Select by RPE | E9: RPE-based
A10: Copenhagen plank | B10: 3 x 15-20sec/side | C10: RPE-based | D10: Select by RPE | E10: RPE-based
A12: DAY 2 — BENCH
A13: Bench | B13: 7 x 2 | C13: 0.9 | D13: =MROUND(Inputs!$B$5*C13,5) -> 185 | E13: RPE 8-9
A14: Close-grip bench | B14: 3 x 4 | C14: RPE-based | D14: Select by RPE | E14: RPE-based
A15: Incline DB press | B15: 2 x 8 | C15: RPE-based | D15: Select by RPE | E15: RPE-based
A16: Triceps pressdown | B16: 2 x 12 | C16: RPE-based | D16: Select by RPE | E16: RPE-based
A17: Face pull | B17: 2 x 15 | C17: RPE-based | D17: Select by RPE | E17: RPE-based
A19: DAY 3 — DEADLIFT
A20: Deadlift | B20: 3 x 2 | C20: 0.89 | D20: =MROUND(Inputs!$B$4*C20,5) -> 330 | E20: RPE 8-9
A21: 1.5-rep deadlift (knee height) | B21: 3 x 3 | C21: 0.66666667 | D21: =MROUND((Inputs!$B$4/0.9*0.6+35),5) -> 280 | E21: Reset every rep; lower to just below knee, return to lockout, then lower fully. W1 60% true DL max; add +5 lb/week only if clean and ≤RPE 7. Deload: 2x3 @55% true max.
A22: Reverse hyper | B22: 2 x 10 | C22: RPE-based | D22: Select by RPE | E22: RPE-based
A23: Jefferson curl | B23: 2 x 6 | C23: RPE-based | D23: Select by RPE | E23: RPE-based
A25: DAY 4 — BENCH VARIANT / UPPER BODY
A26: Paused bench | B26: 3 x 2 | C26: 0.7 | D26: =MROUND(Inputs!$B$5*C26,5) -> 145 | E26: RPE 7
A27: Lat pulldown | B27: 3 x 10 | C27: RPE-based | D27: Select by RPE | E27: RPE-based
A28: Lateral raise | B28: 3 x 15 | C28: RPE-based | D28: Select by RPE | E28: RPE-based
A29: Curl | B29: 3 x 10 | C29: RPE-based | D29: Select by RPE | E29: RPE-based
A30: Pallof press | B30: 2 x 10/side | C30: RPE-based | D30: Select by RPE | E30: RPE-based
A32: DAY 5 — SQUAT VARIANT + BENT-OVER ROW
A33: High-bar squat | B33: 2 x 3 | C33: 75% TM + $5 | D33: =MROUND(MROUND(Inputs!$B$3*0.75,5)+5,5) -> 230 | E33: RPE ≤8; clean reps; no grinding
A34: Bent-over row | B34: 4 x 4–6 | C34: RPE progression | D34: Select by RPE | E34: 4 strict sets. Add 5 lb next exposure only when every set is clean and ≤RPE 8; deload load/reps, no failure.
A35: Reverse hyper | B35: 2 x 10 | C35: RPE-based | D35: Select by RPE | E35: RPE-based
A36: GHR or Nordic curl | B36: 2 x 8 | C36: RPE-based | D36: Select by RPE | E36: RPE-based

Sheet Week 09
A1: WEEK 09 | TOP OF INTENSIFICATION
A2: Target loads use the editable training maxes on Inputs. Main-lift percentages are %TM, rounded to nearest 5 lb. RPE caps and technique take priority over load. Squat top single: updated per block to 85–87% TM (W1–4) or 90–92% TM (W6–9); existing back-offs retained. Secondary squat: Weeks 1–6 paused squat; Weeks 7–12 high-bar squat. Secondary squat: progressive fixed loads per Inputs A9; deloads stay easy.
A4: Day / Exercise | B4: Sets × Reps | C4: Intensity (%TM) | D4: Target Load (lb) | E4: RPE / Effort
A5: DAY 1 — SQUAT
A6: Squat — top single | B6: 1 x 1 | C6: 0.92 | D6: =MROUND(Inputs!$B$3*C6,5) -> 275 | E6: RPE 8 cap; smooth single, no grind
A7: Squat — back-off | B7: 2 x 2 | C7: 0.87 | D7: =MROUND(Inputs!$B$3*C7,5) -> 260 | E7: RPE 8 cap; reduce if needed
A8: Split squat | B8: 2 x 8/leg | C8: RPE-based | D8: Select by RPE | E8: RPE-based
A9: Leg curl | B9: 2 x 10 | C9: RPE-based | D9: Select by RPE | E9: RPE-based
A10: Copenhagen plank | B10: 3 x 15sec/side | C10: RPE-based | D10: Select by RPE | E10: RPE-based
A12: DAY 2 — BENCH
A13: Bench | B13: 6 x 2 | C13: 0.88 | D13: =MROUND(Inputs!$B$5*C13,5) -> 180 | E13: RPE 8-9
A14: Close-grip bench | B14: 2 x 4 | C14: RPE-based | D14: Select by RPE | E14: RPE-based
A15: Incline DB press | B15: 2 x 8 | C15: RPE-based | D15: Select by RPE | E15: RPE-based
A16: Triceps pressdown | B16: 2 x 12 | C16: RPE-based | D16: Select by RPE | E16: RPE-based
A17: Face pull | B17: 2 x 15 | C17: RPE-based | D17: Select by RPE | E17: RPE-based
A19: DAY 3 — DEADLIFT
A20: Deadlift | B20: 2 x 2 | C20: 0.88 | D20: =MROUND(Inputs!$B$4*C20,5) -> 325 | E20: RPE 8-9
A21: 1.5-rep deadlift (knee height) | B21: 3 x 3 | C21: 0.66666667 | D21: =MROUND((Inputs!$B$4/0.9*0.6+40),5) -> 285 | E21: Reset every rep; lower to just below knee, return to lockout, then lower fully. W1 60% true DL max; add +5 lb/week only if clean and ≤RPE 7. Deload: 2x3 @55% true max.
A22: Reverse hyper | B22: 1 x 10 | C22: RPE-based | D22: Select by RPE | E22: RPE-based
A23: Jefferson curl | B23: 1 x 6 | C23: RPE-based | D23: Select by RPE | E23: RPE-based
A25: DAY 4 — BENCH VARIANT / UPPER BODY
A26: Competition-style bench | B26: 3 x 2 | C26: 0.83 | D26: =MROUND(Inputs!$B$5*C26,5) -> 170 | E26: RPE 7-8
A27: Lat pulldown | B27: 2 x 10 | C27: RPE-based | D27: Select by RPE | E27: RPE-based
A28: Lateral raise | B28: 2 x 15 | C28: RPE-based | D28: Select by RPE | E28: RPE-based
A29: Curl | B29: 2 x 10 | C29: RPE-based | D29: Select by RPE | E29: RPE-based
A30: Pallof press | B30: 2 x 10/side | C30: RPE-based | D30: Select by RPE | E30: RPE-based
A32: DAY 5 — SQUAT VARIANT + BENT-OVER ROW
A33: High-bar squat | B33: 2 x 2 | C33: 75% TM + $10 | D33: =MROUND(MROUND(Inputs!$B$3*0.75,5)+10,5) -> 235 | E33: RPE ≤8; clean reps; no grinding
A34: Bent-over row | B34: 4 x 4–6 | C34: RPE progression | D34: Select by RPE | E34: 4 strict sets. Add 5 lb next exposure only when every set is clean and ≤RPE 8; deload load/reps, no failure.
A35: Reverse hyper | B35: 1 x 10 | C35: RPE-based | D35: Select by RPE | E35: RPE-based
A36: GHR or Nordic curl | B36: 2 x 8 | C36: RPE-based | D36: Select by RPE | E36: RPE-based

Sheet Week 10
A1: WEEK 10 | DELOAD
A2: Target loads use the editable training maxes on Inputs. Main-lift percentages are %TM, rounded to nearest 5 lb. RPE caps and technique take priority over load. Secondary squat: Weeks 1–6 paused squat; Weeks 7–12 high-bar squat. Secondary squat: progressive fixed loads per Inputs A9; deloads stay easy.
A4: Day / Exercise | B4: Sets × Reps | C4: Intensity (%TM) | D4: Target Load (lb) | E4: RPE / Effort
A5: DAY 1 — SQUAT
A6: Squat — top single | B6: 1 x 1 | C6: 0.6 | D6: =MROUND(Inputs!$B$3*C6,5) -> 180 | E6: RPE 7–8 cap; skip if slow or technically compromised
A7: Squat — back-off | B7: 3 x 2 | C7: 0.65 | D7: =MROUND(Inputs!$B$3*C7,5) -> 195 | E7: RPE 6 deload
A8: Split squat | B8: 2 x 6-8/leg | C8: RPE-based | D8: Select by RPE | E8: RPE-based
A9: Leg curl | B9: 2 x 8 | C9: RPE-based | D9: Select by RPE | E9: RPE-based
A10: Copenhagen plank | B10: 2 x 15sec/side | C10: RPE-based | D10: Select by RPE | E10: RPE-based
A12: DAY 2 — BENCH
A13: Bench | B13: 5 x 2 | C13: 0.65 | D13: =MROUND(Inputs!$B$5*C13,5) -> 135 | E13: RPE 6
A14: Close-grip bench | B14: 2 x 5 | C14: RPE-based | D14: Select by RPE | E14: RPE-based
A15: Incline DB press | B15: 2 x 8 | C15: RPE-based | D15: Select by RPE | E15: RPE-based
A16: Face pull | B16: 2 x 15 | C16: RPE-based | D16: Select by RPE | E16: RPE-based
A17: Pallof press | B17: 2 x 8/side | C17: RPE-based | D17: Select by RPE | E17: RPE-based
A19: DAY 3 — DEADLIFT
A20: Deadlift | B20: 2 x 2 | C20: 0.6 | D20: =MROUND(Inputs!$B$4*C20,5) -> 220 | E20: RPE 6
A21: 1.5-rep deadlift (knee height) | B21: 2 x 3 | C21: 0.61111111 | D21: =MROUND((Inputs!$B$4/0.9*0.55),5) -> 225 | E21: Reset every rep; lower to just below knee, return to lockout, then lower fully. W1 60% true DL max; add +5 lb/week only if clean and ≤RPE 7. Deload: 2x3 @55% true max.
A22: Reverse hyper | B22: 2 x 10 | C22: RPE-based | D22: Select by RPE | E22: RPE-based
A23: Jefferson curl | B23: 1 x 6 | C23: RPE-based | D23: Select by RPE | E23: RPE-based
A25: DAY 4 — BENCH VARIANT / UPPER BODY
A26: Light paused bench | B26: 3 x 2 | C26: 0.6 | D26: =MROUND(Inputs!$B$5*C26,5) -> 125 | E26: RPE 6
A27: Lat pulldown | B27: 2 x 10 | C27: RPE-based | D27: Select by RPE | E27: RPE-based
A28: Lateral raise | B28: 2 x 12-15 | C28: RPE-based | D28: Select by RPE | E28: RPE-based
A29: Curl | B29: 2 x 10 | C29: RPE-based | D29: Select by RPE | E29: RPE-based
A31: DAY 5 — SQUAT VARIANT + BENT-OVER ROW
A32: High-bar squat | B32: 2 x 2 | C32: 60% TM — deload | D32: =MROUND(Inputs!$B$3*0.6,5) -> 180 | E32: Easy deload; reduce fatigue
A33: Bent-over row | B33: 4 x 4–6 | C33: RPE progression | D33: Select by RPE | E33: 4 strict sets. Add 5 lb next exposure only when every set is clean and ≤RPE 8; deload load/reps, no failure.
A34: Reverse hyper | B34: 1 x 10 | C34: RPE-based | D34: Select by RPE | E34: RPE-based

Sheet Week 11
A1: WEEK 11 | PEAK / REALIZATION
A2: Target loads use the editable training maxes on Inputs. Main-lift percentages are %TM, rounded to nearest 5 lb. RPE caps and technique take priority over load. Secondary squat: Weeks 1–6 paused squat; Weeks 7–12 high-bar squat. Secondary squat: progressive fixed loads per Inputs A9; deloads stay easy.
A4: Day / Exercise | B4: Sets × Reps | C4: Intensity (%TM) | D4: Target Load (lb) | E4: RPE / Effort
A5: DAY 1 — SQUAT
A6: Squat — top single | B6: 1 x 1 | C6: 0.9 | D6: =MROUND(Inputs!$B$3*C6,5) -> 270 | E6: RPE 8-9
A7: Squat — back-off | B7: 2 x 1 | C7: 0.82 | D7: =MROUND(Inputs!$B$3*C7,5) -> 245 | E7: RPE 6–7; crisp
A8: Copenhagen plank | B8: 2 x 15sec/side | C8: RPE-based | D8: Select by RPE | E8: RPE-based
A9: Pallof press | B9: 2 x 8/side | C9: RPE-based | D9: Select by RPE | E9: RPE-based
A11: DAY 2 — BENCH
A12: Bench — top single | B12: 1 x 1 | C12: 0.9 | D12: =MROUND(Inputs!$B$5*C12,5) -> 185 | E12: RPE 8–9 cap
A13: Bench — back-off | B13: 4 x 1 | C13: 0.82 | D13: =MROUND(Inputs!$B$5*C13,5) -> 170 | E13: Two additional sets vs original 2x1; crisp reps, stop if speed drops
A14: Close-grip bench | B14: 2 x 3 | C14: RPE-based | D14: Select by RPE | E14: RPE-based
A15: Face pull | B15: 2 x 15 | C15: RPE-based | D15: Select by RPE | E15: RPE-based
A17: DAY 3 — DEADLIFT
A18: Deadlift | B18: 1 x 1 | C18: 0.88 | D18: =MROUND(Inputs!$B$4*C18,5) -> 325 | E18: RPE 8-9
A19: 1.5-rep deadlift (knee height) | B19: 3 x 3 | C19: 0.66666667 | D19: =MROUND((Inputs!$B$4/0.9*0.6+50),5) -> 295 | E19: Reset every rep; lower to just below knee, return to lockout, then lower fully. W1 60% true DL max; add +5 lb/week only if clean and ≤RPE 7. Deload: 2x3 @55% true max.
A20: Reverse hyper | B20: 2 x 10 | C20: RPE-based | D20: Select by RPE | E20: RPE-based
A22: DAY 4 — BENCH VARIANT / UPPER BODY
A23: Competition-style bench | B23: 2 x 2 | C23: 0.75 | D23: =MROUND(Inputs!$B$5*C23,5) -> 155 | E23: RPE 7
A24: Lat pulldown | B24: 2 x 8-10 | C24: RPE-based | D24: Select by RPE | E24: RPE-based
A25: Lateral raise | B25: 2 x 12-15 | C25: RPE-based | D25: Select by RPE | E25: RPE-based
A27: DAY 5 — SQUAT VARIANT + BENT-OVER ROW
A28: High-bar squat | B28: 2 x 2 | C28: 75% TM + $15 (resume progression) | D28: =MROUND(MROUND(Inputs!$B$3*0.75,5)+15,5) -> 240 | E28: RPE ≤8; clean reps; no grinding
A29: Bent-over row | B29: 4 x 4–6 | C29: RPE progression | D29: Select by RPE | E29: 4 strict sets. Add 5 lb next exposure only when every set is clean and ≤RPE 8; deload load/reps, no failure.
A30: Reverse hyper | B30: 1 x 10 | C30: RPE-based | D30: Select by RPE | E30: RPE-based

Sheet Week 12
A1: WEEK 12 | TAPER
A2: Target loads use the editable training maxes on Inputs. Main-lift percentages are %TM, rounded to nearest 5 lb. RPE caps and technique take priority over load. Secondary squat: Weeks 1–6 paused squat; Weeks 7–12 high-bar squat.
A4: Day / Exercise | B4: Sets × Reps | C4: Intensity (%TM) | D4: Target Load (lb) | E4: RPE / Effort
A5: DAY 1 — SQUAT
A6: Squat — top single | B6: 1 x 1 | C6: 0.8 | D6: =MROUND(Inputs!$B$3*C6,5) -> 240 | E6: RPE 7 cap; crisp only
A7: Squat — back-off | B7: 2 x 1 | C7: 0.82 | D7: =MROUND(Inputs!$B$3*C7,5) -> 245 | E7: RPE 6–7; taper volume
A8: Pallof press | B8: 1 x 8/side | C8: RPE-based | D8: Select by RPE | E8: RPE-based
A10: DAY 2 — BENCH
A11: Bench | B11: 5 x 1 | C11: 0.85 | D11: =MROUND(Inputs!$B$5*C11,5) -> 175 | E11: RPE 7-8
A12: Close-grip bench | B12: 1 x 3 | C12: RPE-based | D12: Select by RPE | E12: light
A13: Face pull | B13: 1 x 15 | C13: RPE-based | D13: Select by RPE | E13: RPE-based
A15: DAY 3 — DEADLIFT
A16: Deadlift | B16: 2 x 1 | C16: 0.82 | D16: =MROUND(Inputs!$B$4*C16,5) -> 305 | E16: RPE 7
A17: 1.5-rep deadlift (knee height) | B17: 3 x 3 | C17: 0.66666667 | D17: =MROUND((Inputs!$B$4/0.9*0.6+55),5) -> 300 | E17: Reset every rep; lower to just below knee, return to lockout, then lower fully. W1 60% true DL max; add +5 lb/week only if clean and ≤RPE 7. Deload: 2x3 @55% true max.
A18: Reverse hyper | B18: 1 x 10 | C18: RPE-based | D18: Select by RPE | E18: RPE-based
A20: DAY 4 — BENCH VARIANT / UPPER BODY
A21: Bench lockout support | B21: 2 x 3 | C21: 0.65 | D21: =MROUND(Inputs!$B$5*C21,5) -> 135 | E21: RPE-based
A22: Lat pulldown | B22: 1 x 8 | C22: RPE-based | D22: Select by RPE | E22: RPE-based
A24: DAY 5 — SQUAT VARIANT + BENT-OVER ROW
A25: High-bar squat | B25: 2 x 3 | C25: 0.6 | D25: =MROUND(Inputs!$B$3*C25,5) -> 180 | E25: RPE-based
A26: Bent-over row | B26: 4 x 4–6 | C26: RPE progression | D26: Select by RPE | E26: 4 strict sets. Add 5 lb next exposure only when every set is clean and ≤RPE 8; deload load/reps, no failure.
A27: Reverse hyper | B27: 1 x 10 | C27: RPE-based | D27: Select by RPE | E27: RPE-based

Sheet Week 13
A1: WEEK 13 | TESTING
A2: Target loads use the editable training maxes on Inputs. Main-lift percentages are %TM, rounded to nearest 5 lb. RPE caps and technique take priority over load. Secondary squat: Weeks 1–6 paused squat; Weeks 7–12 high-bar squat.
A4: Day / Exercise | B4: Sets × Reps | C4: Intensity (%TM) | D4: Target Load (lb) | E4: RPE / Effort
A5: DAY 1 — LIGHT ACTIVATION
A6: Squat activation | B6: 2 x 3 | C6: 0.5 | D6: =MROUND(Inputs!$B$3*C6,5) -> 150 | E6: RPE ≤5; crisp only
A7: Bench activation | B7: 2 x 3 | C7: 0.5 | D7: =MROUND(Inputs!$B$5*C7,5) -> 105 | E7: RPE ≤5; crisp only
A9: DAY 2 — BENCH PR TEST
A10: Bench PR attempts | B10: 3 x 1 | C10: Attempt selection | D10: Use current true 1RM; not TM | E10: Opener ~90% current 1RM; next attempts only if clean.
A12: DAY 3 — REST
A13: No lifting / recovery | B13: Rest day | C13: — | D13: — | E13: Full rest; no loaded lifting.
A15: DAY 4 — SQUAT PR TEST
A16: Squat PR attempts | B16: 3 x 1 | C16: Attempt selection | D16: Use current true 1RM; not TM | E16: At least 48h after bench; no forced grinder.
A18: DAY 5 — REST / RECOVERY
A19: No lifting / recovery | B19: Rest day | C19: — | D19: — | E19: Full rest; no loaded lifting.
A21: DAY 6 — REST / FULL RECOVERY
A22: No lifting | B22: Rest day | C22: — | D22: — | E22: Full rest before deadlift testing.
A24: DAY 7 — REST / FULL RECOVERY
A25: No lifting | B25: Rest day | C25: — | D25: — | E25: Full rest before deadlift testing.
A27: DAY 8 — DEADLIFT PR TEST
A28: Deadlift PR attempts | B28: 3 x 1 | C28: Attempt selection | D28: Use current true 1RM; not TM | E28: At least 72h after squat; opener ~90% true 1RM; attempt increases only if clean.
